use school_journal_db;

INSERT INTO `role` 
        (`name`, `level`) 
VALUES  ('user', '2'),
        ('pupil', '4'),
        ('teacher', '6'),
        ('director_of_studies', '8'),
        ('director', '10'),
        ('admin', '12');

INSERT INTO `user` 
    (`role_id`,`username`,`pass_hash`,`locked`,`email`)
VALUES
	(2,'UvarovG',			'25d55ad283aa400af464c76d713c07ad',false,'UvarovG@mail.com'),
	(2,'KorsakE',			'25d55ad283aa400af464c76d713c07ad',false,'KorsakE@mail.com'),
	(2,'DorofeevS',			'25d55ad283aa400af464c76d713c07ad',false,'DorofeevS@mail.com'),
	(2,'PolonskayaT',		'25d55ad283aa400af464c76d713c07ad',false,'PolonskayaT@mail.com'),
	(2,'KryilovP',			'25d55ad283aa400af464c76d713c07ad',false,'KryilovP@mail.com'),
	(2,'KalachovaT',		'25d55ad283aa400af464c76d713c07ad',false,'KalachovaT@mail.com'),
	(2,'KarabinovE',		'25d55ad283aa400af464c76d713c07ad',false,'KarabinovE@mail.com'),
	(2,'PoltoranskayaE',	'25d55ad283aa400af464c76d713c07ad',false,'PoltoranskayaE@mail.com'),
	(2,'BronskiyF',			'25d55ad283aa400af464c76d713c07ad',false,'BronskiyF@mail.com'),
	(2,'YanishpolskayaA',	'25d55ad283aa400af464c76d713c07ad',false,'YanishpolskayaA@mail.com'),
	(2,'PetuhovV',			'25d55ad283aa400af464c76d713c07ad',false,'PetuhovV@mail.com'),
	(2,'YakshinaK',			'25d55ad283aa400af464c76d713c07ad',false,'YakshinaK@mail.com'),
	(2,'MorgunovD',			'25d55ad283aa400af464c76d713c07ad',false,'MorgunovD@mail.com'),
	(2,'MatveevnaE',		'25d55ad283aa400af464c76d713c07ad',false,'MatveevnaE@mail.com'),
	(2,'HilkovF',			'25d55ad283aa400af464c76d713c07ad',false,'HilkovF@mail.com'),
	(2,'AboimovaV',			'25d55ad283aa400af464c76d713c07ad',false,'AboimovaV@mail.com'),
	(2,'VlasovF',			'25d55ad283aa400af464c76d713c07ad',false,'VlasovF@mail.com'),
	(2,'DyihovichnayaK',	'25d55ad283aa400af464c76d713c07ad',false,'DyihovichnayaK@mail.com'),
	(2,'OfrosimovL',		'25d55ad283aa400af464c76d713c07ad',false,'OfrosimovL@mail.com'),
	(2,'PokalyukV',			'25d55ad283aa400af464c76d713c07ad',false,'PokalyukV@mail.com'),
	(2,'MazhulinK',			'5e8667a439c68f5145dd2fcbecf02209',false,'MazhulinK@mail.com'),
	(2,'FomichYovaA',		'5e8667a439c68f5145dd2fcbecf02209',false,'FomichYovaA@mail.com'),
	(2,'GryadkinE',			'5e8667a439c68f5145dd2fcbecf02209',false,'GryadkinE@mail.com'),
	(2,'YazovitskayaM',		'5e8667a439c68f5145dd2fcbecf02209',false,'YazovitskayaM@mail.com'),
	(2,'FernandesI',		'5e8667a439c68f5145dd2fcbecf02209',false,'FernandesI@mail.com'),
	(2,'KuksilovaU',		'5e8667a439c68f5145dd2fcbecf02209',false,'KuksilovaU@mail.com'),
	(2,'GlininS',			'5e8667a439c68f5145dd2fcbecf02209',false,'GlininS@mail.com'),
	(2,'SagunovaF',			'5e8667a439c68f5145dd2fcbecf02209',false,'SagunovaF@mail.com'),
	(2,'BormotovN',			'5e8667a439c68f5145dd2fcbecf02209',false,'BormotovN@mail.com'),
	(2,'TrifonovaE',		'5e8667a439c68f5145dd2fcbecf02209',false,'TrifonovaE@mail.com'),
	(2,'ChuprakovF',		'5e8667a439c68f5145dd2fcbecf02209',false,'ChuprakovF@mail.com'),
	(2,'KunaevaA',			'5e8667a439c68f5145dd2fcbecf02209',false,'KunaevaA@mail.com'),
	(2,'SagadievM',			'5e8667a439c68f5145dd2fcbecf02209',false,'SagadievM@mail.com'),
	(2,'HlebovaM',			'5e8667a439c68f5145dd2fcbecf02209',false,'HlebovaM@mail.com'),
	(2,'ValievE',			'5e8667a439c68f5145dd2fcbecf02209',false,'ValievE@mail.com'),
	(2,'FlaminaR',			'5e8667a439c68f5145dd2fcbecf02209',false,'FlaminaR@mail.com'),
	(2,'PanfilovL',			'5e8667a439c68f5145dd2fcbecf02209',false,'PanfilovL@mail.com'),
	(2,'LesnichayaA',		'5e8667a439c68f5145dd2fcbecf02209',false,'LesnichayaA@mail.com'),
	(2,'SiyankinM',			'5e8667a439c68f5145dd2fcbecf02209',false,'SiyankinM@mail.com'),
	(2,'PodshivalovaE',		'5e8667a439c68f5145dd2fcbecf02209',false,'PodshivalovaE@mail.com'),
	(2,'ErmushinV',			'5e8667a439c68f5145dd2fcbecf02209',false,'ErmushinV@mail.com'),
	(2,'DavyidovaA',		'5e8667a439c68f5145dd2fcbecf02209',false,'DavyidovaA@mail.com'),
	(2,'AlimkinaA',			'5e8667a439c68f5145dd2fcbecf02209',false,'AlimkinaA@mail.com'),
	(2,'ShishkanovA',		'5e8667a439c68f5145dd2fcbecf02209',false,'ShishkanovA@mail.com'),
	(2,'YankovP',			'5e8667a439c68f5145dd2fcbecf02209',false,'YankovP@mail.com'),
	(2,'DarbinyanaE',		'5e8667a439c68f5145dd2fcbecf02209',false,'DarbinyanaE@mail.com'),
	(2,'LevchenkoA',		'5e8667a439c68f5145dd2fcbecf02209',false,'LevchenkoA@mail.com'),
	(2,'KotyashN',			'5e8667a439c68f5145dd2fcbecf02209',false,'KotyashN@mail.com'),
	(2,'IvashevR',			'5e8667a439c68f5145dd2fcbecf02209',false,'IvashevR@mail.com'),
	(2,'BuklinaB',			'5e8667a439c68f5145dd2fcbecf02209',false,'BuklinaB@mail.com'),
	(2,'PitosinM',			'5e8667a439c68f5145dd2fcbecf02209',false,'PitosinM@mail.com'),
	(2,'YaryiginaV',		'5e8667a439c68f5145dd2fcbecf02209',false,'YaryiginaV@mail.com'),
	(2,'KinzhaevA',			'5e8667a439c68f5145dd2fcbecf02209',false,'KinzhaevA@mail.com'),
	(2,'UksyuzovaZ',		'5e8667a439c68f5145dd2fcbecf02209',false,'UksyuzovaZ@mail.com'),
	(2,'AntimonovK',		'5e8667a439c68f5145dd2fcbecf02209',false,'AntimonovK@mail.com'),
	(2,'ChemerisV',			'5e8667a439c68f5145dd2fcbecf02209',false,'ChemerisV@mail.com'),
	(2,'TseydlerinB',		'5e8667a439c68f5145dd2fcbecf02209',false,'TseydlerinB@mail.com'),
	(2,'MisalovaU',			'5e8667a439c68f5145dd2fcbecf02209',false,'MisalovaU@mail.com'),
	(2,'DolzhikovK',		'5e8667a439c68f5145dd2fcbecf02209',false,'DolzhikovK@mail.com'),
	(2,'MilyutinaV',		'5e8667a439c68f5145dd2fcbecf02209',false,'MilyutinaV@mail.com'),    
	(3,'GolovahaE',			'5e8667a439c68f5145dd2fcbecf02209',false,'GolovahaE@mail.com'),
	(3,'AlogrinaM',			'5e8667a439c68f5145dd2fcbecf02209',false,'AlogrinaM@mail.com'),
	(3,'AlliluevaI',		'5e8667a439c68f5145dd2fcbecf02209',false,'AlliluevaI@mail.com'),
	(3,'SeliverstovaV',		'5e8667a439c68f5145dd2fcbecf02209',false,'SeliverstovaV@mail.com'),
	(3,'PryahinaA',			'5e8667a439c68f5145dd2fcbecf02209',false,'PryahinaA@mail.com'),
	(3,'YagodinskayaN',		'5e8667a439c68f5145dd2fcbecf02209',false,'YagodinskayaN@mail.com'),
	(3,'OstapyukS',			'5e8667a439c68f5145dd2fcbecf02209',false,'OstapyukS@mail.com'),
	(3,'OsintsevaY',		'5e8667a439c68f5145dd2fcbecf02209',false,'OsintsevaY@mail.com'),
	(3,'YachmenevaE',		'5e8667a439c68f5145dd2fcbecf02209',false,'YachmenevaE@mail.com'),
	(3,'KraevichP',			'5e8667a439c68f5145dd2fcbecf02209',false,'KraevichP@mail.com'),
	(3,'TrediakovskayaM',	'5e8667a439c68f5145dd2fcbecf02209',false,'TrediakovskayaM@mail.com'),
	(3,'SlavskayaV',		'5e8667a439c68f5145dd2fcbecf02209',false,'SlavskayaV@mail.com'),
    (4,'MarkoP',			'5e8667a439c68f5145dd2fcbecf02209',false,'MarkoP@mail.com'),
    (5,'Principal',			'5e8667a439c68f5145dd2fcbecf02209',false,'Principal@mail.com'),
    (6,'Odmeen',			'ff92dc23938eea1f20ea69c1c48090db',false,'Odmeen@mail.com'); -- 10111111
    
INSERT INTO `class` 
		(`number`,`letter_mark`)
VALUES 	(10,'А'),
		(10,'Б'),
        (11,'А'),
		(11,'Б');

INSERT INTO `pupil` 
		(`pupil_id`,`class_id`,`first_name`,`pathronymic`,`last_name`,`phone_number`,`characteristic`)
VALUES 	
		(1	,	1,	'Геннадий',		'Эдуардович',		'Уваров',		'+375291111111','Good boy'),
		(2	,	1,	'Елена',		'Романовна',		'Корсак',		'+375291111112','Good Girl'),
		(3	,	1,	'Сергей',		'Игоревич',			'Дорофеев',		'+375291111113','Good boy'),
		(4	,	1,	'Тамара',		'Матвеевна',		'Полонская',	'+375291111114','Good Girl'),
		(5	,	1,	'Павел',		'Евгеньевич',		'Крылов',		'+375291111115','Bad  boy'),
		(6	,	1,	'Тамара',		'Геннадьевна',		'Калачова',		'+375291111116','Good girl'),
		(7	,	1,	'Егор'	,		'Глевович',			'Карабинов',	'+375291111117','Bad boy'),
		(8	,	1,	'Эмма',			'Юрьевна',			'Полторанская',	'+375291111118','Bad girl'),
		(9	,	1,	'Филлипп',		'Данилович',		'Бронский',		'+375291111119','Bad boy'),
		(10	,	1,	'Анна',			'Зиновьевна',		'Янишпольская',	'+375291111120','Ok girl'),
		(11	,	1,	'Вячеслав',		'Сергеевич',		'Петухов',		'+375291111121','Good boy'),
		(12	,	1,	'Кристина', 	'Константиновна', 	'Якшина',		'+375291111122','Good girl'),
		(13	,	1,	'Даниил',		'Борисович',		'Моргунов',		'+375291111123','Good boy'),
		(14	,	1,	'Ефросиния',	'Терентьева',		'Матвеевна',	'+375291111124','Good girl'),
		(15	,	1,	'Филлипп',		'Никитич',			'Хильков',		'+375291111125','Good boy'),
		(16	,	2,	'Влада', 		'Прокловна', 		'Абоимова',		'+375291111126','Good girl'),
		(17	,	2,	'Фёдор',		'Романович',		'Власов',		'+375291111127','Good boy'),
		(18	,	2,	'Клара', 		'Артуровна', 		'Дыховичная',	'+375291111128','Good girl'),
		(19	,	2,	'Леонид',		'Артемович',		'Офросимов',	'+375291111129','Good boy'),
		(20	,	2,	'Виктория', 	'Измаиловна', 		'Покалюк',		'+375291111130','Good girl'),
		(21	,	2,	'Карл', 		'Миронович', 		'Мажулин',		'+375291111131','Good boy'),
		(22	,	2,	'Александра', 	'Андрияновна', 		'Фомичёва',		'+375291111132','Good girl'),
		(23	,	2,	'Емельян', 		'Маркович', 		'Грядкин',		'+375291111133','Good boy'),
		(24	,	2,	'Марианна', 	'Никитевна', 		'Язовицкая',	'+375291111134','Good girl'),
		(25	,	2,	'Ираклий', 		'Вадимович', 		'Фернандес',	'+375291111135','Good boy'),
		(26	,	2,	'Ульяна', 		'Аскольдовна', 		'Куксилова',	'+375291111136','Good girl'),
		(27	,	2,	'Сократ', 		'Сидорович', 		'Глинин',		'+375291111137','Good boy'),
		(28	,	2,	'Фаина', 		'Макаровна', 		'Сагунова',		'+375291111138','Good girl'),
		(29	,	2,	'Никифор', 		'Михаилович', 		'Бормотов',		'+375291111139','Good boy'),
		(30	,	2,	'Эльвира', 		'Марковна', 		'Трифонова',	'+375291111140','Good girl'),
		(31	,	3,	'Федот', 		'Фомевич', 			'Чупраков',		'+375291111141','Good boy'),
		(32	,	3,	'Алла', 		'Потаповна', 		'Кунаева',		'+375291111142','Good girl'),
		(33	,	3,	'Мирон', 		'Эмилевич', 		'Сагадиев',		'+375291111143','Good boy'),
		(34	,	3,	'Милена', 		'Аркадиевна', 		'Хлебова',		'+375291111144','Good girl'),
		(35	,	3,	'Елисей', 		'Игнатиевич', 		'Валиев',		'+375291111145','Good boy'),
		(36	,	3,	'Роза', 		'Феодосьевна', 		'Фламина',		'+375291111146','Good girl'),
		(37	,	3,	'Леонид', 		'Иннокентиевич', 	'Панфилов',		'+375291111147','Good boy'),
		(38	,	3,	'Альбина', 		'Родионовна', 		'Лесничая',		'+375291111148','Good girl'),
		(39	,	3,	'Максим', 		'Гордеевич', 		'Сиянкин',		'+375291111149','Good boy'),
		(40	,	3,	'Евгения', 		'Ипполитовна', 		'Подшивалова',	'+375291111150','Good girl'),
		(41	,	3,	'Вадим ', 		'Ипатиевич', 		'Ермушин',		'+375291111151','Good boy'),
		(42	,	3,	'Анна', 		'Евсеевна', 		'Давыдова',		'+375291111152','Good girl'),
		(43	,	3,	'Алла', 		'Бориславовна', 	'Алимкина',		'+375291111153','Good boy'),
		(44	,	3,	'Аким', 		'Проклович', 		'Шишканов',		'+375291111154','Good girl'),
		(45	,	3,	'Павел', 		'Мирославович', 	'Яньков',		'+375291111155','Good boy'),
		(46	,	4,	'Эвелина', 		'Порфириевна', 		'Дарбиняна',	'+375291111156','Good girl'),
		(47	,	4,	'Антон', 		'Афанасиевич', 		'Левченко',		'+375291111157','Good boy'),
		(48	,	4,	'Надежда', 		'Семеновна', 		'Котяш',		'+375291111158','Good girl'),
		(49	,	4,	'Роман', 		'Ильевич', 			'Ивашев',		'+375291111159','Good boy'),
		(50	,	4,	'Берта', 		'Ефимовна', 		'Буклина',		'+375291111160','Good girl'),
		(51	,	4,	'Мир', 			'Вячеславович', 	'Питосин',		'+375291111161','Good boy'),
		(52	,	4,	'Василиса', 	'Романовна', 		'Ярыгина',		'+375291111162','Good girl'),
		(53	,	4,	'Адриан', 		'Филиппович', 		'Кинжаев',		'+375291111163','Good boy'),
		(54	,	4,	'Злата', 		'Артеименовна', 	'Уксюзова',		'+375291111164','Good girl'),
		(55	,	4,	'Константин', 	'Артемиевич', 		'Антимонов',	'+375291111165','Good boy'),
		(56	,	4,	'Вера', 		'Мироновна', 		'Чемерис',		'+375291111166','Good girl'),
		(57	,	4,	'Бронислав', 	'Ростиславович', 	'Цейдлерин',	'+375291111167','Good boy'),
		(58	,	4,	'Ульяна', 		'Павловна', 		'Мисалова',		'+375291111168','Good girl'),
		(59	,	4,	'Кузьма', 		'Всеволодович', 	'Должиков',		'+375291111169','Good boy'),
		(60	,	4,	'Варвара', 		'Егоровна', 		'Милютина',		'+375291111170','Good girl');
		
INSERT INTO `subject` 
		(`name`, `description`) 
VALUES 	
		('Математика',			'Царица наук.'),
		('Русский язык', 		'Наука о языке и его применении.'),
		('Белорусский язык', 	'Наука о языке и его применении.'),
		('Биология', 			'Наука о живой природе, о закономерностях органической жизни.'),
		('Физика', 				'Наука о природе, об явлениях происходящих в ней.'),
        ('Химия', 				'Наука о природе, об явлениях происходящих в ней.');
        
INSERT INTO `teacher` 
		(`teacher_id`, `phone_number`, `class_id`, `last_name`, `first_name`, `pathronymic`, `description`) 
VALUES 
		(61, '+375291111171', 1, 		'Головаха', 		'Элеонора', 	'Адамовна', 	'Учитель предметов и классный руководитель'),
        (62, '+375291111172', 2, 		'Алогрина', 		'Марта', 		'Сидоровна', 	'Учитель предметов и классный руководитель'),
        (63, '+375291111173', 3, 		'Аллилуева', 		'Инесса', 		'Ипполитовна', 	'Учитель предметов и классный руководитель'),
        (64, '+375291111174', 4, 		'Селиверстова', 	'Варвара', 		'Кузьмевна', 	'Учитель предметов и классный руководитель'),
        (65, '+375291111175', null, 	'Пряхина', 			'Алиса', 		'Никитевна', 	'Учитель предметов'),
        (66, '+375291111176', null, 	'Ягодинская', 		'Надежда', 		'Наумовна', 	'Учитель предметов'),
        (67, '+375291111177', null, 	'Остапюк', 			'Стела', 		'Никоновна', 	'Учитель предметов'),
        (68, '+375291111178', null, 	'Осинцева', 		'Ярослава', 	'Леонидовна', 	'Учитель предметов'),
        (69, '+375291111179', null, 	'Ячменева', 		'Ефросинья', 	'Клавдиевна', 	'Учитель предметов'),
        (70, '+375291111180', null, 	'Краевич', 			'Полина', 		'Степановна', 	'Учитель предметов'),
        (71, '+375291111181', null, 	'Тредиаковская', 	'Марианна', 	'Вениаминовна',	'Учитель предметов'),
        (72, '+375291111182', null, 	'Славская', 		'Вероника', 	'Егоровна',		'Учитель предметов');

INSERT INTO `subject_in_schedule` 
		(`subject_id`, `class_id`, `teacher_id`, `day_of_week`, `begin_time`, `place`) 
VALUES 	
		(1,	1,	61,	'mon', 	'08:00', 'Аудитория 3'),
		(1,	1,	61,	'tue', 	'08:00', 'Аудитория 3'),
		(1,	1,	61,	'wed', 	'08:00', 'Аудитория 3'),
		(1,	1,	61,	'thu', 	'08:00', 'Аудитория 3'),
		(1,	1,	61,	'fri', 	'08:00', 'Аудитория 3'),
		(1,	1,	61,	'sat', 	'08:00', 'Аудитория 3'),
		(2,	1,	62,	'mon', 	'09:00', 'Аудитория 3'),
		(2,	1,	62,	'wed',	'09:00', 'Аудитория 3'),
		(2,	1,	62,	'fri', 	'09:00', 'Аудитория 3'),
		(3,	1,	63,	'tue',	'09:00', 'Аудитория 3'),
		(3,	1,	63,	'thu', 	'09:00', 'Аудитория 3'),
		(3,	1,	63,	'sat', 	'09:00', 'Аудитория 3'),
		(4,	1,	64,	'mon', 	'10:00', 'Аудитория 3'),
		(4,	1,	64,	'tue', 	'11:00', 'Аудитория 3'),
        (5,	1,	65,	'wed',	'10:00', 'Аудитория 3'),
		(5,	1,	65,	'thu',	'11:00', 'Аудитория 3'),
        (6,	1,	65,	'fri',	'10:00', 'Аудитория 3'),
		(6,	1,	65,	'sat',	'11:00', 'Аудитория 3'),
		(1,	2,	61,	'mon', 	'09:00', 'Аудитория 5'),
		(1,	2,	61,	'tue', 	'09:00', 'Аудитория 5'),
		(1,	2,	61,	'wed', 	'09:00', 'Аудитория 5'),
		(1,	2,	61,	'thu', 	'09:00', 'Аудитория 5'),
		(1,	2,	61,	'fri',	'09:00', 'Аудитория 5'),
		(1,	2,	61,	'sat', 	'09:00', 'Аудитория 5'),
		(2,	2,	62,	'mon',	'08:00', 'Аудитория 5'),
		(2,	2,	62,	'wed',	'08:00', 'Аудитория 5'),
		(2,	2,	62,	'fri',	'08:00', 'Аудитория 5'),
		(3,	2,	63,	'tue',	'08:00', 'Аудитория 5'),
		(3,	2,	63,	'thu', 	'08:00', 'Аудитория 5'),
		(3,	2,	63,	'sat', 	'08:00', 'Аудитория 5'),
		(4,	2,	64,	'mon',	'10:00', 'Аудитория 5'),
		(4,	2,	64,	'tue',	'11:00', 'Аудитория 5'),
        (5,	2,	65,	'wed',	'10:00', 'Аудитория 5'),
		(5,	2,	65,	'thu',	'11:00', 'Аудитория 5'),
        (6,	2,	65,	'fri',	'10:00', 'Аудитория 5'),
		(6,	2,	65,	'sat',	'11:00', 'Аудитория 5'),
        (1,	3,	66,	'mon',	'08:00', 'Аудитория 7'),
		(1,	3,	66,	'tue',	'08:00', 'Аудитория 7'),
		(1,	3,	66,	'wed', 	'08:00', 'Аудитория 7'),
		(1,	3,	66,	'thu', 	'08:00', 'Аудитория 7'),
		(1,	3,	66,	'fri',	'08:00', 'Аудитория 7'),
		(1,	3,	66,	'sat', 	'08:00', 'Аудитория 7'),
		(2,	3,	67,	'mon',	'09:00', 'Аудитория 7'),
		(2,	3,	67,	'wed',	'09:00', 'Аудитория 7'),
		(2,	3,	67,	'fri',	'09:00', 'Аудитория 7'),
		(3,	3,	68,	'tue',	'09:00', 'Аудитория 7'),
		(3,	3,	68,	'thu', 	'09:00', 'Аудитория 7'),
		(3,	3,	68,	'sat', 	'09:00', 'Аудитория 7'),
		(4,	3,	69,	'mon',	'10:00', 'Аудитория 7'),
		(4,	3,	69,	'tue',	'11:00', 'Аудитория 7'),
        (5,	3,	70,	'wed',	'10:00', 'Аудитория 7'),
		(5,	3,	70,	'thu',	'11:00', 'Аудитория 7'),
        (6,	3,	71,	'fri',	'10:00', 'Аудитория 7'),
		(6,	3,	71,	'sat',	'11:00', 'Аудитория 7'),
		(1,	4,	66,	'mon',	'09:00', 'Аудитория 9'),
		(1,	4,	66,	'tue',	'09:00', 'Аудитория 9'),
		(1,	4,	66,	'wed', 	'09:00', 'Аудитория 9'),
		(1,	4,	66,	'thu', 	'09:00', 'Аудитория 9'),
		(1,	4,	66,	'fri',	'09:00', 'Аудитория 9'),
		(1,	4,	66,	'sat', 	'09:00', 'Аудитория 9'),
		(2,	4,	67,	'mon',	'08:00', 'Аудитория 9'),
		(2,	4,	67,	'wed',	'08:00', 'Аудитория 9'),
		(2,	4,	67,	'fri',	'08:00', 'Аудитория 9'),
		(3,	4,	68,	'tue',	'08:00', 'Аудитория 9'),
		(3,	4,	68,	'thu', 	'08:00', 'Аудитория 9'),
		(3,	4,	68,	'sat', 	'08:00', 'Аудитория 9'),
		(4,	4,	69,	'mon',	'10:00', 'Аудитория 9'),
		(4,	4,	69,	'tue',	'11:00', 'Аудитория 9'),
        (5,	4,	70,	'wed',	'10:00', 'Аудитория 9'),
		(5,	4,	70,	'thu',	'11:00', 'Аудитория 9'),
        (6,	4,	71,	'fri',	'10:00', 'Аудитория 9'),
		(6,	4,	71,	'sat',	'11:00', 'Аудитория 9');


insert into `mark` 
		(`pupil_id`,`value`,`type`,`date`,`subject_id`,`teacher_id`)
values 	
		(1,		9,'simple',str_to_date('06-02-2017','%d-%m-%Y'),1,61),
		(2,		8,'simple',str_to_date('06-02-2017','%d-%m-%Y'),1,61),
		(3,		7,'simple',str_to_date('06-02-2017','%d-%m-%Y'),1,61),
		(4,		6,'simple',str_to_date('06-02-2017','%d-%m-%Y'),1,61),
		(5,		5,'simple',str_to_date('06-02-2017','%d-%m-%Y'),1,61),
		(6,		4,'simple',str_to_date('07-02-2017','%d-%m-%Y'),1,61),
		(7,		3,'simple',str_to_date('07-02-2017','%d-%m-%Y'),1,61),
		(8,		2,'simple',str_to_date('07-02-2017','%d-%m-%Y'),1,61),
		(9,		1,'simple',str_to_date('07-02-2017','%d-%m-%Y'),1,61),
		(10,	9,'simple',str_to_date('07-02-2017','%d-%m-%Y'),1,61),
		(11,	8,'simple',str_to_date('08-02-2017','%d-%m-%Y'),1,61),
		(12,	7,'simple',str_to_date('08-02-2017','%d-%m-%Y'),1,61),
		(13,	6,'simple',str_to_date('08-02-2017','%d-%m-%Y'),1,61),
		(14,	5,'simple',str_to_date('08-02-2017','%d-%m-%Y'),1,61),
		(15,	4,'simple',str_to_date('08-02-2017','%d-%m-%Y'),1,61),
		(1,		3,'simple',str_to_date('09-02-2017','%d-%m-%Y'),1,61),
		(3,		2,'simple',str_to_date('09-02-2017','%d-%m-%Y'),1,61),
		(5,		1,'simple',str_to_date('09-02-2017','%d-%m-%Y'),1,61),
		(7,		9,'simple',str_to_date('09-02-2017','%d-%m-%Y'),1,61),
		(9,		8,'simple',str_to_date('09-02-2017','%d-%m-%Y'),1,61),
		(11,	7,'simple',str_to_date('10-02-2017','%d-%m-%Y'),1,61),
		(13,	6,'simple',str_to_date('10-02-2017','%d-%m-%Y'),1,61),
		(15,	5,'simple',str_to_date('10-02-2017','%d-%m-%Y'),1,61),
		(2,		4,'simple',str_to_date('10-02-2017','%d-%m-%Y'),1,61),
		(4,		3,'simple',str_to_date('11-02-2017','%d-%m-%Y'),1,61),
		(6,		2,'simple',str_to_date('11-02-2017','%d-%m-%Y'),1,61),
		(8,		1,'simple',str_to_date('11-02-2017','%d-%m-%Y'),1,61),
		(10,	9,'simple',str_to_date('11-02-2017','%d-%m-%Y'),1,61),
		(12,	8,'simple',str_to_date('11-02-2017','%d-%m-%Y'),1,61),
		(14,	7,'simple',str_to_date('11-02-2017','%d-%m-%Y'),1,61),
		(1,		9,'simple',str_to_date('06-02-2017','%d-%m-%Y'),2,62),
		(2,		8,'simple',str_to_date('06-02-2017','%d-%m-%Y'),2,62),
		(3,		7,'simple',str_to_date('06-02-2017','%d-%m-%Y'),2,62),
		(4,		6,'simple',str_to_date('06-02-2017','%d-%m-%Y'),2,62),
		(5,		5,'simple',str_to_date('06-02-2017','%d-%m-%Y'),2,62),
		(6,		4,'simple',str_to_date('07-02-2017','%d-%m-%Y'),3,63),
		(7,		3,'simple',str_to_date('07-02-2017','%d-%m-%Y'),3,63),
		(8,		2,'simple',str_to_date('07-02-2017','%d-%m-%Y'),3,63),
		(9,		1,'simple',str_to_date('07-02-2017','%d-%m-%Y'),3,63),
		(10,	9,'simple',str_to_date('07-02-2017','%d-%m-%Y'),3,63),
		(11,	8,'simple',str_to_date('08-02-2017','%d-%m-%Y'),2,62),
		(12,	7,'simple',str_to_date('08-02-2017','%d-%m-%Y'),2,62),
		(13,	6,'simple',str_to_date('08-02-2017','%d-%m-%Y'),2,62),
		(14,	5,'simple',str_to_date('08-02-2017','%d-%m-%Y'),2,62),
		(15,	4,'simple',str_to_date('08-02-2017','%d-%m-%Y'),2,62),
		(1,		3,'simple',str_to_date('09-02-2017','%d-%m-%Y'),3,63),
		(3,		2,'simple',str_to_date('09-02-2017','%d-%m-%Y'),3,63),
		(5,		1,'simple',str_to_date('09-02-2017','%d-%m-%Y'),3,63),
		(7,		9,'simple',str_to_date('09-02-2017','%d-%m-%Y'),3,63),
		(9,		8,'simple',str_to_date('09-02-2017','%d-%m-%Y'),3,63),
		(11,	7,'simple',str_to_date('10-02-2017','%d-%m-%Y'),2,62),
		(13,	6,'simple',str_to_date('10-02-2017','%d-%m-%Y'),2,62),
		(15,	5,'simple',str_to_date('10-02-2017','%d-%m-%Y'),2,62),
		(2,		4,'simple',str_to_date('10-02-2017','%d-%m-%Y'),2,62),
		(4,		3,'simple',str_to_date('11-02-2017','%d-%m-%Y'),2,62),
		(6,		2,'simple',str_to_date('11-02-2017','%d-%m-%Y'),3,63),
		(8,		1,'simple',str_to_date('11-02-2017','%d-%m-%Y'),3,63),
		(10,	9,'simple',str_to_date('11-02-2017','%d-%m-%Y'),3,63),
		(12,	8,'simple',str_to_date('11-02-2017','%d-%m-%Y'),3,63),
		(14,	7,'simple',str_to_date('11-02-2017','%d-%m-%Y'),3,63),
		(1,		9,'simple',str_to_date('06-02-2017','%d-%m-%Y'),4,64),
		(2,		8,'simple',str_to_date('06-02-2017','%d-%m-%Y'),4,64),
		(3,		7,'simple',str_to_date('06-02-2017','%d-%m-%Y'),4,64),
		(4,		6,'simple',str_to_date('06-02-2017','%d-%m-%Y'),4,64),
		(5,		5,'simple',str_to_date('06-02-2017','%d-%m-%Y'),4,64),
		(6,		4,'simple',str_to_date('07-02-2017','%d-%m-%Y'),4,64),
		(7,		3,'simple',str_to_date('07-02-2017','%d-%m-%Y'),4,64),
		(8,		2,'simple',str_to_date('07-02-2017','%d-%m-%Y'),4,64),
		(9,		1,'simple',str_to_date('07-02-2017','%d-%m-%Y'),4,64),
		(10,	9,'simple',str_to_date('07-02-2017','%d-%m-%Y'),4,64),
		(11,	8,'simple',str_to_date('08-02-2017','%d-%m-%Y'),5,65),
		(12,	7,'simple',str_to_date('08-02-2017','%d-%m-%Y'),5,65),
		(13,	6,'simple',str_to_date('08-02-2017','%d-%m-%Y'),5,65),
		(14,	5,'simple',str_to_date('08-02-2017','%d-%m-%Y'),5,65),
		(15,	4,'simple',str_to_date('08-02-2017','%d-%m-%Y'),5,65),
		(1,		3,'simple',str_to_date('09-02-2017','%d-%m-%Y'),5,65),
		(3,		2,'simple',str_to_date('09-02-2017','%d-%m-%Y'),5,65),
		(5,		1,'simple',str_to_date('09-02-2017','%d-%m-%Y'),5,65),
		(7,		9,'simple',str_to_date('09-02-2017','%d-%m-%Y'),5,65),
		(9,		8,'simple',str_to_date('09-02-2017','%d-%m-%Y'),5,65),
		(11,	7,'simple',str_to_date('10-02-2017','%d-%m-%Y'),6,66),
		(13,	6,'simple',str_to_date('10-02-2017','%d-%m-%Y'),6,66),
		(15,	5,'simple',str_to_date('10-02-2017','%d-%m-%Y'),6,66),
		(2,		4,'simple',str_to_date('10-02-2017','%d-%m-%Y'),6,66),
		(4,		3,'simple',str_to_date('11-02-2017','%d-%m-%Y'),6,66),
		(6,		2,'simple',str_to_date('11-02-2017','%d-%m-%Y'),6,66),
		(8,		1,'simple',str_to_date('11-02-2017','%d-%m-%Y'),6,66),
		(10,	9,'simple',str_to_date('11-02-2017','%d-%m-%Y'),6,66),
		(12,	8,'simple',str_to_date('11-02-2017','%d-%m-%Y'),6,66),
		(14,	7,'simple',str_to_date('11-02-2017','%d-%m-%Y'),6,66),
		(16,	9,'simple',str_to_date('06-02-2017','%d-%m-%Y'),1,61),
		(17,	8,'simple',str_to_date('06-02-2017','%d-%m-%Y'),1,61),
		(18,	7,'simple',str_to_date('06-02-2017','%d-%m-%Y'),1,61),
		(19,	6,'simple',str_to_date('06-02-2017','%d-%m-%Y'),1,61),
		(20,	5,'simple',str_to_date('06-02-2017','%d-%m-%Y'),1,61),
		(21,	4,'simple',str_to_date('07-02-2017','%d-%m-%Y'),1,61),
		(22,	3,'simple',str_to_date('07-02-2017','%d-%m-%Y'),1,61),
		(23,	2,'simple',str_to_date('07-02-2017','%d-%m-%Y'),1,61),
		(24,	1,'simple',str_to_date('07-02-2017','%d-%m-%Y'),1,61),
		(25,	9,'simple',str_to_date('07-02-2017','%d-%m-%Y'),1,61),
		(26,	8,'simple',str_to_date('08-02-2017','%d-%m-%Y'),1,61),
		(27,	7,'simple',str_to_date('08-02-2017','%d-%m-%Y'),1,61),
		(28,	6,'simple',str_to_date('08-02-2017','%d-%m-%Y'),1,61),
		(29,	5,'simple',str_to_date('08-02-2017','%d-%m-%Y'),1,61),
		(30,	4,'simple',str_to_date('08-02-2017','%d-%m-%Y'),1,61),
		(16,	3,'simple',str_to_date('09-02-2017','%d-%m-%Y'),1,61),
		(18,	2,'simple',str_to_date('09-02-2017','%d-%m-%Y'),1,61),
		(20,	1,'simple',str_to_date('09-02-2017','%d-%m-%Y'),1,61),
		(22,	9,'simple',str_to_date('09-02-2017','%d-%m-%Y'),1,61),
		(24,	8,'simple',str_to_date('09-02-2017','%d-%m-%Y'),1,61),
		(26,	7,'simple',str_to_date('10-02-2017','%d-%m-%Y'),1,61),
		(28,	6,'simple',str_to_date('10-02-2017','%d-%m-%Y'),1,61),
		(30,	5,'simple',str_to_date('10-02-2017','%d-%m-%Y'),1,61),
		(17,	4,'simple',str_to_date('10-02-2017','%d-%m-%Y'),1,61),
		(19,	3,'simple',str_to_date('11-02-2017','%d-%m-%Y'),1,61),
		(21,	2,'simple',str_to_date('11-02-2017','%d-%m-%Y'),1,61),
		(23,	1,'simple',str_to_date('11-02-2017','%d-%m-%Y'),1,61),
		(25,	9,'simple',str_to_date('11-02-2017','%d-%m-%Y'),1,61),
		(27,	8,'simple',str_to_date('11-02-2017','%d-%m-%Y'),1,61),
		(29,	7,'simple',str_to_date('11-02-2017','%d-%m-%Y'),1,61),
		(16,	9,'simple',str_to_date('06-02-2017','%d-%m-%Y'),2,62),
		(17,	8,'simple',str_to_date('06-02-2017','%d-%m-%Y'),2,62),
		(18,	7,'simple',str_to_date('06-02-2017','%d-%m-%Y'),2,62),
		(19,	6,'simple',str_to_date('06-02-2017','%d-%m-%Y'),2,62),
		(20,	5,'simple',str_to_date('06-02-2017','%d-%m-%Y'),2,62),
		(21,	4,'simple',str_to_date('07-02-2017','%d-%m-%Y'),3,63),
		(22,	3,'simple',str_to_date('07-02-2017','%d-%m-%Y'),3,63),
		(23,	2,'simple',str_to_date('07-02-2017','%d-%m-%Y'),3,63),
		(24,	1,'simple',str_to_date('07-02-2017','%d-%m-%Y'),3,63),
		(25,	9,'simple',str_to_date('07-02-2017','%d-%m-%Y'),3,63),
		(26,	8,'simple',str_to_date('08-02-2017','%d-%m-%Y'),2,62),
		(27,	7,'simple',str_to_date('08-02-2017','%d-%m-%Y'),2,62),
		(28,	6,'simple',str_to_date('08-02-2017','%d-%m-%Y'),2,62),
		(29,	5,'simple',str_to_date('08-02-2017','%d-%m-%Y'),2,62),
		(30,	4,'simple',str_to_date('08-02-2017','%d-%m-%Y'),2,62),
		(16,	3,'simple',str_to_date('09-02-2017','%d-%m-%Y'),3,63),
		(18,	2,'simple',str_to_date('09-02-2017','%d-%m-%Y'),3,63),
		(20,	1,'simple',str_to_date('09-02-2017','%d-%m-%Y'),3,63),
		(22,	9,'simple',str_to_date('09-02-2017','%d-%m-%Y'),3,63),
		(24,	8,'simple',str_to_date('09-02-2017','%d-%m-%Y'),3,63),
		(26,	7,'simple',str_to_date('10-02-2017','%d-%m-%Y'),2,62),
		(28,	6,'simple',str_to_date('10-02-2017','%d-%m-%Y'),2,62),
		(30,	5,'simple',str_to_date('10-02-2017','%d-%m-%Y'),2,62),
		(17,	4,'simple',str_to_date('10-02-2017','%d-%m-%Y'),2,62),
		(19,	3,'simple',str_to_date('11-02-2017','%d-%m-%Y'),2,62),
		(21,	2,'simple',str_to_date('11-02-2017','%d-%m-%Y'),3,63),
		(23,	1,'simple',str_to_date('11-02-2017','%d-%m-%Y'),3,63),
		(25,	9,'simple',str_to_date('11-02-2017','%d-%m-%Y'),3,63),
		(27,	8,'simple',str_to_date('11-02-2017','%d-%m-%Y'),3,63),
		(29,	7,'simple',str_to_date('11-02-2017','%d-%m-%Y'),3,63),
		(16,	9,'simple',str_to_date('06-02-2017','%d-%m-%Y'),4,64),
		(17,	8,'simple',str_to_date('06-02-2017','%d-%m-%Y'),4,64),
		(18,	7,'simple',str_to_date('06-02-2017','%d-%m-%Y'),4,64),
		(19,	6,'simple',str_to_date('06-02-2017','%d-%m-%Y'),4,64),
		(20,	5,'simple',str_to_date('06-02-2017','%d-%m-%Y'),4,64),
		(21,	4,'simple',str_to_date('07-02-2017','%d-%m-%Y'),4,64),
		(22,	3,'simple',str_to_date('07-02-2017','%d-%m-%Y'),4,64),
		(23,	2,'simple',str_to_date('07-02-2017','%d-%m-%Y'),4,64),
		(24,	1,'simple',str_to_date('07-02-2017','%d-%m-%Y'),4,64),
		(25,	9,'simple',str_to_date('07-02-2017','%d-%m-%Y'),4,64),
		(26,	8,'simple',str_to_date('08-02-2017','%d-%m-%Y'),5,65),
		(27,	7,'simple',str_to_date('08-02-2017','%d-%m-%Y'),5,65),
		(28,	6,'simple',str_to_date('08-02-2017','%d-%m-%Y'),5,65),
		(29,	5,'simple',str_to_date('08-02-2017','%d-%m-%Y'),5,65),
		(30,	4,'simple',str_to_date('08-02-2017','%d-%m-%Y'),5,65),
		(16,	3,'simple',str_to_date('09-02-2017','%d-%m-%Y'),5,65),
		(18,	2,'simple',str_to_date('09-02-2017','%d-%m-%Y'),5,65),
		(20,	1,'simple',str_to_date('09-02-2017','%d-%m-%Y'),5,65),
		(22,	9,'simple',str_to_date('09-02-2017','%d-%m-%Y'),5,65),
		(24,	8,'simple',str_to_date('09-02-2017','%d-%m-%Y'),5,65),
		(26,	7,'simple',str_to_date('10-02-2017','%d-%m-%Y'),6,66),
		(28,	6,'simple',str_to_date('10-02-2017','%d-%m-%Y'),6,66),
		(30,	5,'simple',str_to_date('10-02-2017','%d-%m-%Y'),6,66),
		(17,	4,'simple',str_to_date('10-02-2017','%d-%m-%Y'),6,66),
		(19,	3,'simple',str_to_date('11-02-2017','%d-%m-%Y'),6,66),
		(21,	2,'simple',str_to_date('11-02-2017','%d-%m-%Y'),6,66),
		(23,	1,'simple',str_to_date('11-02-2017','%d-%m-%Y'),6,66),
		(25,	9,'simple',str_to_date('11-02-2017','%d-%m-%Y'),6,66),
		(27,	8,'simple',str_to_date('11-02-2017','%d-%m-%Y'),6,66),
		(29,	7,'simple',str_to_date('11-02-2017','%d-%m-%Y'),6,66),
		(31,	9,'simple',str_to_date('06-02-2017','%d-%m-%Y'),1,67),
		(32,	8,'simple',str_to_date('06-02-2017','%d-%m-%Y'),1,67),
		(33,	7,'simple',str_to_date('06-02-2017','%d-%m-%Y'),1,67),
		(34,	6,'simple',str_to_date('06-02-2017','%d-%m-%Y'),1,67),
		(35,	5,'simple',str_to_date('06-02-2017','%d-%m-%Y'),1,67),
		(36,	4,'simple',str_to_date('07-02-2017','%d-%m-%Y'),1,67),
		(37,	3,'simple',str_to_date('07-02-2017','%d-%m-%Y'),1,67),
		(38,	2,'simple',str_to_date('07-02-2017','%d-%m-%Y'),1,67),
		(39,	1,'simple',str_to_date('07-02-2017','%d-%m-%Y'),1,67),
		(40,	9,'simple',str_to_date('07-02-2017','%d-%m-%Y'),1,67),
		(41,	8,'simple',str_to_date('08-02-2017','%d-%m-%Y'),1,67),
		(42,	7,'simple',str_to_date('08-02-2017','%d-%m-%Y'),1,67),
		(43,	6,'simple',str_to_date('08-02-2017','%d-%m-%Y'),1,67),
		(44,	5,'simple',str_to_date('08-02-2017','%d-%m-%Y'),1,67),
		(45,	4,'simple',str_to_date('08-02-2017','%d-%m-%Y'),1,67),
		(31,	3,'simple',str_to_date('09-02-2017','%d-%m-%Y'),1,67),
		(33,	2,'simple',str_to_date('09-02-2017','%d-%m-%Y'),1,67),
		(35,	1,'simple',str_to_date('09-02-2017','%d-%m-%Y'),1,67),
		(37,	9,'simple',str_to_date('09-02-2017','%d-%m-%Y'),1,67),
		(39,	8,'simple',str_to_date('09-02-2017','%d-%m-%Y'),1,67),
		(41,	7,'simple',str_to_date('10-02-2017','%d-%m-%Y'),1,67),
		(43,	6,'simple',str_to_date('10-02-2017','%d-%m-%Y'),1,67),
		(45,	5,'simple',str_to_date('10-02-2017','%d-%m-%Y'),1,67),
		(32,	4,'simple',str_to_date('10-02-2017','%d-%m-%Y'),1,67),
		(34,	3,'simple',str_to_date('11-02-2017','%d-%m-%Y'),1,67),
		(36,	2,'simple',str_to_date('11-02-2017','%d-%m-%Y'),1,67),
		(38,	1,'simple',str_to_date('11-02-2017','%d-%m-%Y'),1,67),
		(40,	9,'simple',str_to_date('11-02-2017','%d-%m-%Y'),1,67),
		(42,	8,'simple',str_to_date('11-02-2017','%d-%m-%Y'),1,67),
		(44,	7,'simple',str_to_date('11-02-2017','%d-%m-%Y'),1,67),
		(31,	9,'simple',str_to_date('06-02-2017','%d-%m-%Y'),2,68),
		(32,	8,'simple',str_to_date('06-02-2017','%d-%m-%Y'),2,68),
		(33,	7,'simple',str_to_date('06-02-2017','%d-%m-%Y'),2,68),
		(34,	6,'simple',str_to_date('06-02-2017','%d-%m-%Y'),2,68),
		(35,	5,'simple',str_to_date('06-02-2017','%d-%m-%Y'),2,68),
		(36,	4,'simple',str_to_date('07-02-2017','%d-%m-%Y'),3,69),
		(37,	3,'simple',str_to_date('07-02-2017','%d-%m-%Y'),3,69),
		(38,	2,'simple',str_to_date('07-02-2017','%d-%m-%Y'),3,69),
		(39,	1,'simple',str_to_date('07-02-2017','%d-%m-%Y'),3,69),
		(40,	9,'simple',str_to_date('07-02-2017','%d-%m-%Y'),3,69),
		(41,	8,'simple',str_to_date('08-02-2017','%d-%m-%Y'),2,68),
		(42,	7,'simple',str_to_date('08-02-2017','%d-%m-%Y'),2,68),
		(43,	6,'simple',str_to_date('08-02-2017','%d-%m-%Y'),2,68),
		(44,	5,'simple',str_to_date('08-02-2017','%d-%m-%Y'),2,68),
		(45,	4,'simple',str_to_date('08-02-2017','%d-%m-%Y'),2,68),
		(31,	3,'simple',str_to_date('09-02-2017','%d-%m-%Y'),3,69),
		(33,	2,'simple',str_to_date('09-02-2017','%d-%m-%Y'),3,69),
		(35,	1,'simple',str_to_date('09-02-2017','%d-%m-%Y'),3,69),
		(37,	9,'simple',str_to_date('09-02-2017','%d-%m-%Y'),3,69),
		(39,	8,'simple',str_to_date('09-02-2017','%d-%m-%Y'),3,69),
		(41,	7,'simple',str_to_date('10-02-2017','%d-%m-%Y'),2,68),
		(43,	6,'simple',str_to_date('10-02-2017','%d-%m-%Y'),2,68),
		(45,	5,'simple',str_to_date('10-02-2017','%d-%m-%Y'),2,68),
		(32,	4,'simple',str_to_date('10-02-2017','%d-%m-%Y'),2,68),
		(34,	3,'simple',str_to_date('11-02-2017','%d-%m-%Y'),2,68),
		(36,	2,'simple',str_to_date('11-02-2017','%d-%m-%Y'),3,69),
		(38,	1,'simple',str_to_date('11-02-2017','%d-%m-%Y'),3,69),
		(40,	9,'simple',str_to_date('11-02-2017','%d-%m-%Y'),3,69),
		(42,	8,'simple',str_to_date('11-02-2017','%d-%m-%Y'),3,69),
		(44,	7,'simple',str_to_date('11-02-2017','%d-%m-%Y'),3,69),
		(31,	9,'simple',str_to_date('06-02-2017','%d-%m-%Y'),4,70),
		(32,	8,'simple',str_to_date('06-02-2017','%d-%m-%Y'),4,70),
		(33,	7,'simple',str_to_date('06-02-2017','%d-%m-%Y'),4,70),
		(34,	6,'simple',str_to_date('06-02-2017','%d-%m-%Y'),4,70),
		(35,	5,'simple',str_to_date('06-02-2017','%d-%m-%Y'),4,70),
		(36,	4,'simple',str_to_date('07-02-2017','%d-%m-%Y'),4,70),
		(37,	3,'simple',str_to_date('07-02-2017','%d-%m-%Y'),4,70),
		(38,	2,'simple',str_to_date('07-02-2017','%d-%m-%Y'),4,70),
		(39,	1,'simple',str_to_date('07-02-2017','%d-%m-%Y'),4,70),
		(40,	9,'simple',str_to_date('07-02-2017','%d-%m-%Y'),4,70),
		(41,	8,'simple',str_to_date('08-02-2017','%d-%m-%Y'),5,71),
		(42,	7,'simple',str_to_date('08-02-2017','%d-%m-%Y'),5,71),
		(43,	6,'simple',str_to_date('08-02-2017','%d-%m-%Y'),5,71),
		(44,	5,'simple',str_to_date('08-02-2017','%d-%m-%Y'),5,71),
		(45,	4,'simple',str_to_date('08-02-2017','%d-%m-%Y'),5,71),
		(31,	3,'simple',str_to_date('09-02-2017','%d-%m-%Y'),5,71),
		(33,	2,'simple',str_to_date('09-02-2017','%d-%m-%Y'),5,71),
		(35,	1,'simple',str_to_date('09-02-2017','%d-%m-%Y'),5,71),
		(37,	9,'simple',str_to_date('09-02-2017','%d-%m-%Y'),5,71),
		(39,	8,'simple',str_to_date('09-02-2017','%d-%m-%Y'),5,71),
		(41,	7,'simple',str_to_date('10-02-2017','%d-%m-%Y'),6,72),
		(43,	6,'simple',str_to_date('10-02-2017','%d-%m-%Y'),6,72),
		(45,	5,'simple',str_to_date('10-02-2017','%d-%m-%Y'),6,72),
		(32,	4,'simple',str_to_date('10-02-2017','%d-%m-%Y'),6,72),
		(34,	3,'simple',str_to_date('11-02-2017','%d-%m-%Y'),6,72),
		(36,	2,'simple',str_to_date('11-02-2017','%d-%m-%Y'),6,72),
		(38,	1,'simple',str_to_date('11-02-2017','%d-%m-%Y'),6,72),
		(40,	9,'simple',str_to_date('11-02-2017','%d-%m-%Y'),6,72),
		(42,	8,'simple',str_to_date('11-02-2017','%d-%m-%Y'),6,72),
		(44,	7,'simple',str_to_date('11-02-2017','%d-%m-%Y'),6,72),
		(46,	9,'simple',str_to_date('06-02-2017','%d-%m-%Y'),1,67),
		(47,	8,'simple',str_to_date('06-02-2017','%d-%m-%Y'),1,67),
		(48,	7,'simple',str_to_date('06-02-2017','%d-%m-%Y'),1,67),
		(49,	6,'simple',str_to_date('06-02-2017','%d-%m-%Y'),1,67),
		(50,	5,'simple',str_to_date('06-02-2017','%d-%m-%Y'),1,67),
		(51,	4,'simple',str_to_date('07-02-2017','%d-%m-%Y'),1,67),
		(52,	3,'simple',str_to_date('07-02-2017','%d-%m-%Y'),1,67),
		(53,	2,'simple',str_to_date('07-02-2017','%d-%m-%Y'),1,67),
		(54,	1,'simple',str_to_date('07-02-2017','%d-%m-%Y'),1,67),
		(55,	9,'simple',str_to_date('07-02-2017','%d-%m-%Y'),1,67),
		(56,	8,'simple',str_to_date('08-02-2017','%d-%m-%Y'),1,67),
		(57,	7,'simple',str_to_date('08-02-2017','%d-%m-%Y'),1,67),
		(58,	6,'simple',str_to_date('08-02-2017','%d-%m-%Y'),1,67),
		(59,	5,'simple',str_to_date('08-02-2017','%d-%m-%Y'),1,67),
		(60,	4,'simple',str_to_date('08-02-2017','%d-%m-%Y'),1,67),
		(46,	3,'simple',str_to_date('09-02-2017','%d-%m-%Y'),1,67),
		(48,	2,'simple',str_to_date('09-02-2017','%d-%m-%Y'),1,67),
		(50,	1,'simple',str_to_date('09-02-2017','%d-%m-%Y'),1,67),
		(52,	9,'simple',str_to_date('09-02-2017','%d-%m-%Y'),1,67),
		(54,	8,'simple',str_to_date('09-02-2017','%d-%m-%Y'),1,67),
		(56,	7,'simple',str_to_date('10-02-2017','%d-%m-%Y'),1,67),
		(58,	6,'simple',str_to_date('10-02-2017','%d-%m-%Y'),1,67),
		(60,	5,'simple',str_to_date('10-02-2017','%d-%m-%Y'),1,67),
		(47,	4,'simple',str_to_date('10-02-2017','%d-%m-%Y'),1,67),
		(49,	3,'simple',str_to_date('11-02-2017','%d-%m-%Y'),1,67),
		(51,	2,'simple',str_to_date('11-02-2017','%d-%m-%Y'),1,67),
		(53,	1,'simple',str_to_date('11-02-2017','%d-%m-%Y'),1,67),
		(55,	9,'simple',str_to_date('11-02-2017','%d-%m-%Y'),1,67),
		(57,	8,'simple',str_to_date('11-02-2017','%d-%m-%Y'),1,67),
		(59,	7,'simple',str_to_date('11-02-2017','%d-%m-%Y'),1,67),
		(46,	9,'simple',str_to_date('06-02-2017','%d-%m-%Y'),2,68),
		(47,	8,'simple',str_to_date('06-02-2017','%d-%m-%Y'),2,68),
		(48,	7,'simple',str_to_date('06-02-2017','%d-%m-%Y'),2,68),
		(49,	6,'simple',str_to_date('06-02-2017','%d-%m-%Y'),2,68),
		(50,	5,'simple',str_to_date('06-02-2017','%d-%m-%Y'),2,68),
		(51,	4,'simple',str_to_date('07-02-2017','%d-%m-%Y'),3,69),
		(52,	3,'simple',str_to_date('07-02-2017','%d-%m-%Y'),3,69),
		(53,	2,'simple',str_to_date('07-02-2017','%d-%m-%Y'),3,69),
		(54,	1,'simple',str_to_date('07-02-2017','%d-%m-%Y'),3,69),
		(55,	9,'simple',str_to_date('07-02-2017','%d-%m-%Y'),3,69),
		(56,	8,'simple',str_to_date('08-02-2017','%d-%m-%Y'),2,68),
		(57,	7,'simple',str_to_date('08-02-2017','%d-%m-%Y'),2,68),
		(58,	6,'simple',str_to_date('08-02-2017','%d-%m-%Y'),2,68),
		(59,	5,'simple',str_to_date('08-02-2017','%d-%m-%Y'),2,68),
		(60,	4,'simple',str_to_date('08-02-2017','%d-%m-%Y'),2,68),
		(46,	3,'simple',str_to_date('09-02-2017','%d-%m-%Y'),3,69),
		(48,	2,'simple',str_to_date('09-02-2017','%d-%m-%Y'),3,69),
		(50,	1,'simple',str_to_date('09-02-2017','%d-%m-%Y'),3,69),
		(52,	9,'simple',str_to_date('09-02-2017','%d-%m-%Y'),3,69),
		(54,	8,'simple',str_to_date('09-02-2017','%d-%m-%Y'),3,69),
		(56,	7,'simple',str_to_date('10-02-2017','%d-%m-%Y'),2,68),
		(58,	6,'simple',str_to_date('10-02-2017','%d-%m-%Y'),2,68),
		(60,	5,'simple',str_to_date('10-02-2017','%d-%m-%Y'),2,68),
		(47,	4,'simple',str_to_date('10-02-2017','%d-%m-%Y'),2,68),
		(49,	3,'simple',str_to_date('11-02-2017','%d-%m-%Y'),2,68),
		(51,	2,'simple',str_to_date('11-02-2017','%d-%m-%Y'),3,69),
		(53,	1,'simple',str_to_date('11-02-2017','%d-%m-%Y'),3,69),
		(55,	9,'simple',str_to_date('11-02-2017','%d-%m-%Y'),3,69),
		(57,	8,'simple',str_to_date('11-02-2017','%d-%m-%Y'),3,69),
		(59,	7,'simple',str_to_date('11-02-2017','%d-%m-%Y'),3,69),
		(46,	9,'simple',str_to_date('06-02-2017','%d-%m-%Y'),4,70),
		(47,	8,'simple',str_to_date('06-02-2017','%d-%m-%Y'),4,70),
		(48,	7,'simple',str_to_date('06-02-2017','%d-%m-%Y'),4,70),
		(49,	6,'simple',str_to_date('06-02-2017','%d-%m-%Y'),4,70),
		(50,	5,'simple',str_to_date('06-02-2017','%d-%m-%Y'),4,70),
		(51,	4,'simple',str_to_date('07-02-2017','%d-%m-%Y'),4,70),
		(52,	3,'simple',str_to_date('07-02-2017','%d-%m-%Y'),4,70),
		(53,	2,'simple',str_to_date('07-02-2017','%d-%m-%Y'),4,70),
		(54,	1,'simple',str_to_date('07-02-2017','%d-%m-%Y'),4,70),
		(55,	9,'simple',str_to_date('07-02-2017','%d-%m-%Y'),4,70),
		(56,	8,'simple',str_to_date('08-02-2017','%d-%m-%Y'),5,71),
		(57,	7,'simple',str_to_date('08-02-2017','%d-%m-%Y'),5,71),
		(58,	6,'simple',str_to_date('08-02-2017','%d-%m-%Y'),5,71),
		(59,	5,'simple',str_to_date('08-02-2017','%d-%m-%Y'),5,71),
		(60,	4,'simple',str_to_date('08-02-2017','%d-%m-%Y'),5,71),
		(46,	3,'simple',str_to_date('09-02-2017','%d-%m-%Y'),5,71),
		(48,	2,'simple',str_to_date('09-02-2017','%d-%m-%Y'),5,71),
		(50,	1,'simple',str_to_date('09-02-2017','%d-%m-%Y'),5,71),
		(52,	9,'simple',str_to_date('09-02-2017','%d-%m-%Y'),5,71),
		(54,	8,'simple',str_to_date('09-02-2017','%d-%m-%Y'),5,71),
		(56,	7,'simple',str_to_date('10-02-2017','%d-%m-%Y'),6,72),
		(58,	6,'simple',str_to_date('10-02-2017','%d-%m-%Y'),6,72),
		(60,	5,'simple',str_to_date('10-02-2017','%d-%m-%Y'),6,72),
		(47,	4,'simple',str_to_date('10-02-2017','%d-%m-%Y'),6,72),
		(49,	3,'simple',str_to_date('11-02-2017','%d-%m-%Y'),6,72),
		(51,	2,'simple',str_to_date('11-02-2017','%d-%m-%Y'),6,72),
		(53,	1,'simple',str_to_date('11-02-2017','%d-%m-%Y'),6,72),
		(55,	9,'simple',str_to_date('11-02-2017','%d-%m-%Y'),6,72),
		(57,	8,'simple',str_to_date('11-02-2017','%d-%m-%Y'),6,72),
		(59,	7,'simple',str_to_date('11-02-2017','%d-%m-%Y'),6,72);


INSERT INTO `term` 
		(`start`,`end`,`number`)
VALUES 	(str_to_date('01-09-2016','%d-%m-%Y'),str_to_date('20-10-2016','%d-%m-%Y'),1),
	(str_to_date('23-10-2016','%d-%m-%Y'),str_to_date('25-12-2016','%d-%m-%Y'),2),
        (str_to_date('10-01-2017','%d-%m-%Y'),str_to_date('20-03-2017','%d-%m-%Y'),3),
	(str_to_date('25-03-2017','%d-%m-%Y'),str_to_date('31-05-2017','%d-%m-%Y'),4);
    
INSERT INTO `lesson_time` 
		(`number`,`start_time`,`end_time`)
VALUES
		(1	,	'08:00',	'08:45'),
		(2	,	'08:55',	'09:40'),
		(3	,	'10:00',	'10:45'),
		(4	,	'11:55',	'12:40'),
		(5	,	'12:50',	'13:35'),
		(6	,	'13:45',	'14:30'),
		(7	,	'14:50',	'15:35'),
		(8	,	'15:45',	'16:30'),
		(9	,	'16:40',	'17:25'),
		(10	,	'17:35',	'18:20');
